,Year,State.Code,State.Name,Academic Subjects.Arts/Music.Average GPA,Academic Subjects.Arts/Music.Average Years,Academic Subjects.English.Average GPA,Academic Subjects.English.Average Years,Academic Subjects.Foreign Languages.Average GPA,Academic Subjects.Foreign Languages.Average Years,Academic Subjects.Mathematics.Average GPA,Academic Subjects.Mathematics.Average Years,Academic Subjects.Natural Sciences.Average GPA,Academic Subjects.Natural Sciences.Average Years,Academic Subjects.Social Sciences/History.Average GPA,Academic Subjects.Social Sciences/History.Average Years,Family Income.Between 20-40k.Test-takers,Family Income.Between 40-60k.Test-takers,Family Income.Between 60-80k.Test-takers,Family Income.Between 80-100k.Test-takers,Family Income.Less than 20k.Test-takers,Family Income.More than 100k.Test-takers,GPA.A minus.Test-takers,GPA.A plus.Test-takers,GPA.A.Test-takers,GPA.B.Test-takers,GPA.C.Test-takers,GPA.D or lower.Test-takers,GPA.No response.Test-takers,Gender.Female.Test-takers,Gender.Male.Test-takers,Total_Overall_Score,AmericanIndianAlaskanNative,Asian,Hispanic,Black,White,HawaiianNativePacificIslander,TwoOrMoreRaces,FreeReducedLunchProp,StudentTeacherRatio
0,2015,AL,Alabama,3.94,2.3,3.67,4.0,3.64,2.5,3.47,4.1,3.61,3.8,3.68,3.9,0.08159781495390918,0.08262205530897918,0.09320587231136906,0.09900990099009901,0.06691703653123933,0.30180949129395696,0.1891430522362581,0.18299761010583818,0.3096620006828269,0.26425401160805734,0.031410037555479685,0.0,0.022533287811539775,0.5722089450324342,0.4277910549675657,1088,0.008835334878574715,0.014022930951400272,0.06823290610370346,0.33218382449934447,0.5563192027200555,0.000901839483340198,0.019503961363581297,0.5116543845436554,19.488216027589043
1,2015,AK,Alaska,3.83,2.0,3.49,3.9,3.47,2.2,3.14,3.7,3.37,3.4,3.52,3.6,0.05633061331929455,0.07817846801789945,0.09923664122137404,0.0916030534351145,0.04764411687286128,0.2763885232956041,0.1816267438799684,0.07317715188207423,0.21374045801526717,0.35983153461437223,0.08923400894972361,0.0031587259805211897,0.07923137667807317,0.569097130823901,0.430902869176099,1014,0.23058342202797466,0.05937634457302022,0.06657759460132702,0.03163568015580063,0.48145715860111565,0.027114140567796673,0.10325565947296513,0.430825009336751,17.032533286705373
2,2015,AZ,Arizona,3.87,2.3,3.52,3.9,3.51,2.5,3.29,4.0,3.42,3.4,3.54,3.3,0.1126015316778835,0.10652123462520306,0.1011371547922952,0.08674866558366211,0.06855418890693897,0.24186586214899047,0.2043629612439081,0.0793223485727547,0.2376421443490369,0.3646321652355535,0.0636342538872128,0.0007426317010907403,0.04966349501044326,0.5576235785565097,0.4423764214434904,1052,0.04506562660943817,0.0280183669424001,0.44920895972252267,0.05277825800068971,0.39496800810274335,0.0032648118094407096,0.026695968812765262,0.5882500399032106,24.65258887426683
3,2015,AR,Arkansas,3.94,2.5,3.73,4.0,3.74,2.6,3.64,4.2,3.68,3.8,3.71,3.8,0.09942004971002485,0.09859154929577464,0.11267605633802817,0.10107705053852527,0.04473902236951118,0.2883181441590721,0.2112676056338028,0.19635459817729908,0.35542667771333886,0.19552609776304888,0.020712510356255178,0.0,0.020712510356255178,0.5666942833471417,0.43330571665285833,1141,0.006360082254354523,0.015520226280753944,0.12319255809416986,0.20768614924451165,0.6182894020303495,0.0068355644420602605,0.0221160176538002,0.6523330563169801,13.745218044864982
4,2015,CA,California,3.79,1.9,3.42,3.9,3.42,2.8,3.1,3.8,3.29,3.3,3.42,3.3,0.13142043361084316,0.09253041775510965,0.07068428046846861,0.059047082834822996,0.11364379659950405,0.19096016195203538,0.1898920733752013,0.04304645357333587,0.17659064470323282,0.43341626889336915,0.08720653438375843,0.0012212640704110484,0.06862676100069136,0.5515021548066056,0.4484978451933944,1003,0.005563663146481503,0.11376615252496473,0.54002901338233,0.057805951141747615,0.24086808864559495,0.004891397920294211,0.03707573323858699,0.5948752691903454,24.047623270947955
5,2015,CO,Colorado,3.92,2.5,3.69,4.0,3.65,3.3,3.49,4.1,3.61,3.9,3.69,3.8,0.04749421742482652,0.06445643793369314,0.07925983037779491,0.09252120277563608,0.02467232074016962,0.38118735543562066,0.21881264456437935,0.12536622976098688,0.31935235158057057,0.2704703161141095,0.027293754818812646,0.0007710100231303007,0.037933693138010795,0.5506553585196607,0.44934464148033926,1170,0.007140012769488486,0.030845878502988817,0.3337730723967707,0.046225993250413225,0.5414530076149754,0.002310298570217726,0.03825173689514559,0.4193160692728257,17.557456505958037
6,2015,CT,Connecticut,3.75,2.3,3.33,3.9,3.25,3.1,3.16,3.9,3.25,3.7,3.35,3.7,0.05852654685141995,0.061160653038825626,0.06785567293181506,0.06607216353409247,0.046069419673480584,0.2598710385512416,0.19091782137467417,0.02859102757579915,0.1292907120318288,0.47482507888599257,0.10102894772945534,0.003210316915900672,0.07213609548634929,0.5183427081904239,0.48165729180957606,1010,0.0027331904141248307,0.04980170424648543,0.2307277537823079,0.12817547454321324,0.5602389589333492,0.0009798580600297862,0.027343060020489633,0.40459149361655283,12.712269825835099
7,2015,DE,Delaware,3.67,1.8,3.34,3.8,3.29,3.0,3.21,3.8,3.28,3.5,3.35,3.6,0.05904509823882724,0.06281176829889036,0.05741626794258373,0.0498829278224575,0.05558383385930978,0.15504428382367913,0.15891275577725747,0.04377481421154433,0.1680749261936272,0.4270589432963453,0.1360073297363331,0.0045810852081848725,0.06159014557670773,0.5190878550341036,0.48091214496589635,924,0.0038419155969860322,0.03704917056318313,0.15868004884295797,0.30692140453286476,0.4608065044524526,0.0011987372308425411,0.031502218780712986,0.37738848611246384,15.076032332402784
8,2015,DC,District Of Columbia,3.69,2.3,3.18,3.7,3.19,3.0,3.05,3.7,3.15,3.4,3.24,3.5,0.05320050869012293,0.04408647732089869,0.02607036880033913,0.018651971174226366,0.09156422212802034,0.1519711742263671,0.12229758372191607,0.03136922424756253,0.1006782534972446,0.39084357778719797,0.19393810936837644,0.011869436201780416,0.149003815175922,0.5061466723187792,0.49385332768122087,881,0.001541964317981954,0.01445591548108082,0.15424461818313234,0.7079784606859332,0.10231174181734949,0.0011082868535495294,0.018359012660972642,0.7491345157430173,12.584457589395159
9,2015,FL,Florida,3.81,2.1,3.45,3.8,3.44,2.5,3.16,3.9,3.32,3.6,3.41,3.5,0.12646922457478912,0.09643807091321713,0.07296301417776295,0.059826417979648445,0.10257119384410154,0.1480327642164,0.1774457251157078,0.05392105027696663,0.17444423657260918,0.4252678157460204,0.09206191688560994,0.0031804390795435135,0.07367881632354258,0.5396172085343137,0.4603827914656862,967,0.0032353312067774655,0.026430409748911646,0.31554205679795716,0.22506670564397102,0.3946473557051597,0.0015214762080814855,0.03355666468914167,0.6418908534680716,15.892129223905398
10,2015,GA,Georgia,3.81,1.9,3.47,3.7,3.43,2.5,3.26,3.7,3.39,3.6,3.45,3.6,0.11841202776482208,0.10358308869927844,0.08463881039260336,0.07168920958050976,0.09244423715328266,0.18593102691431865,0.1932837663584735,0.06238854289555269,0.19560207413097752,0.43724107657274547,0.07142857142857142,0.0006721720760514692,0.03938379653762792,0.5435265713737002,0.45647342862629975,976,0.0019650166710580303,0.03781675437063982,0.1457299157711794,0.36919208962706795,0.41037947641667005,0.0011193709215091647,0.03379737622187559,0.6316655288212449,15.819291891838365
11,2015,HI,Hawaii,3.8,2.3,3.4,3.9,3.48,2.5,3.15,3.9,3.29,3.6,3.45,3.8,0.10141987829614604,0.1068711967545639,0.1039553752535497,0.09254563894523327,0.07023326572008114,0.19814908722109534,0.19878296146044624,0.05540060851926978,0.19434584178498987,0.41683569979716023,0.09191176470588236,0.0015212981744421906,0.04120182555780933,0.559077079107505,0.4409229208924949,996,0.0031594274567982635,0.3025907305145746,0.11951427237012006,0.01932470672271216,0.12849254100387372,0.30421714882276985,0.12270117310915135,0.4978732922717086,15.979892879093862
12,2015,ID,Idaho,3.74,2.0,3.4,3.6,3.33,1.9,3.09,3.6,3.32,3.2,3.41,3.1,0.06482057078270698,0.06612037298671941,0.05849109918055948,0.03780729019497033,0.047075445040972025,0.07725346142978243,0.12964114156541395,0.039107092398982767,0.1502684374116982,0.2773099745690873,0.09968917773382312,0.006442497880757276,0.2975416784402374,0.49708957332579823,0.5029104266742017,930,0.01407973612897928,0.012232091533681877,0.17661771549010483,0.010182574658527906,0.7601996824788547,0.003117044863548025,0.023571154846303344,0.49246894928197726,18.710799631499732
13,2015,IL,Illinois,3.9,2.2,3.68,4.0,3.69,3.4,3.57,4.1,3.63,3.8,3.7,3.7,0.05464385474860335,0.0626745810055866,0.06424581005586592,0.07210195530726257,0.0356145251396648,0.33868715083798884,0.2204958100558659,0.12988826815642457,0.347590782122905,0.22870111731843576,0.020425977653631286,0.0005237430167597765,0.052374301675977654,0.5164106145251397,0.48358938547486036,1215,0.0026680021538197855,0.04738155848774903,0.2558602176903503,0.17180923338777326,0.48902805166987906,0.001013008615774501,0.03223992799465409,0.5009080807207379,15.826542592343051
14,2015,IN,Indiana,3.8,2.3,3.41,3.9,3.27,2.9,3.17,3.9,3.28,3.3,3.43,3.3,0.1103726760326407,0.11489442247833768,0.11886935307478759,0.0997518297299571,0.06957180112728191,0.2106082274753933,0.17313031042315133,0.05783629174728695,0.18774711870110206,0.4284933120215361,0.11462101455371414,0.0028182047615041643,0.03535374779170523,0.5558383107596534,0.4441616892403466,997,0.0021682790992802346,0.021524159732123405,0.11135818938661306,0.12403626731087522,0.6933466609075237,0.0006794387129079977,0.04688700485067638,0.49606586360039423,18.160913595729067
15,2015,IA,Iowa,3.92,2.7,3.77,4.0,3.72,3.4,3.63,4.1,3.7,3.8,3.79,3.7,0.06490872210953347,0.07302231237322515,0.10141987829614604,0.08012170385395538,0.033468559837728194,0.3488843813387424,0.16835699797160245,0.19776876267748478,0.39148073022312374,0.18661257606490872,0.017241379310344827,0.0010141987829614604,0.037525354969574036,0.5537525354969574,0.4462474645030426,1192,0.003759210565781186,0.023976964837384148,0.10274642325111727,0.056554123634036856,0.7751072274822287,0.00214554943461873,0.03571050079483309,0.41540275947255534,14.445255455477373
16,2015,KS,Kansas,3.93,2.8,3.72,3.9,3.71,3.0,3.54,4.0,3.68,3.7,3.75,3.7,0.06217277486910995,0.07395287958115183,0.07787958115183247,0.09031413612565445,0.028795811518324606,0.33049738219895286,0.17539267015706805,0.18520942408376964,0.38481675392670156,0.19633507853403143,0.024869109947643978,0.0,0.03337696335078534,0.5392670157068062,0.4607329842931937,1182,0.009212637749504675,0.027355455126000884,0.1916089469633705,0.06992475970591606,0.6508039822501679,0.0017274975029064532,0.04936672070213358,0.49165929819390547,15.018660817018247
17,2015,KY,Kentucky,3.93,2.3,3.77,4.0,3.75,2.9,3.67,4.1,3.7,3.8,3.76,3.6,0.0658578856152513,0.06759098786828423,0.08087810514153669,0.08723281340265743,0.03292894280762565,0.3443096476025419,0.170421721548238,0.21894858463316003,0.38648180242634317,0.18024263431542462,0.01559792027729636,0.0,0.02830733679953784,0.5181975736568457,0.48180242634315423,1176,0.0011992504320507329,0.015988062868117426,0.059678373565781,0.10557483876420377,0.7826675526256736,0.0010302187794166077,0.0338617029647569,0.602737250835507,16.390037133383075
18,2015,LA,Louisiana,3.92,2.4,3.65,4.0,3.63,2.9,3.5,4.2,3.58,4.0,3.66,4.0,0.08198380566801619,0.08248987854251012,0.07844129554655871,0.0728744939271255,0.05566801619433198,0.30313765182186236,0.1700404858299595,0.1847165991902834,0.32186234817813764,0.2646761133603239,0.032388663967611336,0.0005060728744939271,0.025809716599190284,0.542004048582996,0.45799595141700405,1125,0.0068942871334931564,0.015232826546414344,0.05926582451082563,0.4423627855981055,0.45513008705863695,0.0008459589459462844,0.020268230206578166,0.6237713821635592,17.32062868075801
19,2015,ME,Maine,3.82,2.4,3.58,4.0,3.52,2.9,3.4,3.9,3.47,3.6,3.57,3.5,0.02159873708381171,0.024110218140068886,0.022746842709529275,0.021742250287026407,0.014781859931113663,0.0656572904707233,0.16460964408725604,0.04025545350172216,0.1565011481056257,0.427812858783008,0.0980195177956372,0.005166475315729047,0.10763490241102182,0.48643800229621126,0.5135619977037887,940,0.006632201891027821,0.014834591751128041,0.020406775049316372,0.0337732127066186,0.902744711244133,0.0010600185928394893,0.020548488764936625,0.4633117018379514,11.926256937918726
20,2015,MD,Maryland,3.8,2.3,3.35,3.9,3.31,2.9,3.11,3.9,3.28,3.5,3.37,3.5,0.061930596785750844,0.06389599754324905,0.06223769065410994,0.0623400552768963,0.047640495444774285,0.24575698638550517,0.16902446514484595,0.04094584911454601,0.15405875729347937,0.4285187839082813,0.13123144641211998,0.006797010953014638,0.06942368717371276,0.5288361142389191,0.471163885761081,983,0.00286157025967869,0.06299092642342372,0.15461347200447484,0.34380453553770124,0.39092551390595814,0.0014074787371800629,0.043396503131583344,0.4506622583368541,15.042530493383824
21,2015,MA,Massachusetts,3.74,2.2,3.34,3.9,3.31,3.1,3.21,3.9,3.27,3.7,3.38,3.7,0.06186660574114268,0.06204611844574637,0.07045057688855524,0.07268632602771023,0.0514385495373468,0.2635572890317737,0.19214387127307148,0.024805391908872824,0.1311421903813829,0.4681691336064102,0.09887886156306608,0.004210388889795518,0.08065016237740098,0.5256295184163715,0.47437048158362843,1046,0.002285449375565725,0.06459357493997943,0.1855126213653331,0.08755714934504412,0.6266882590413699,0.0009313809295559264,0.0324315650031518,0.5125801389800743,13.250547437038488
22,2015,MI,Michigan,3.94,2.7,3.76,4.0,3.78,3.2,3.66,4.2,3.72,3.8,3.79,3.7,0.05737051792828685,0.06268260292164675,0.0749003984063745,0.08419654714475432,0.03187250996015936,0.33811420982735724,0.18273572377158034,0.19681274900398407,0.38034528552456837,0.18300132802124833,0.014077025232403718,0.0002656042496679947,0.042762284196547144,0.5301460823373174,0.4698539176626826,1204,0.006723714323612249,0.031797257053133236,0.07323569830412385,0.17942406060903954,0.6742634449037195,0.0008625153263115653,0.03369330948006014,0.46750139279761893,18.4679078576041
23,2015,MN,Minnesota,3.9,2.9,3.74,4.0,3.68,3.4,3.57,4.1,3.63,3.9,3.71,3.9,0.048673946957878314,0.06302652106084243,0.061778471138845555,0.08580343213728549,0.028081123244929798,0.3416536661466459,0.18939157566302653,0.17098283931357255,0.321996879875195,0.22839313572542902,0.03338533541341654,0.0006240249609984399,0.05522620904836194,0.5441497659906396,0.45585023400936037,1203,0.01656601056946891,0.06532885492790493,0.08771200859261248,0.10320625742189217,0.6859078377496244,0.0006793997208326871,0.040599631017664395,0.43342158291948013,15.847599476331036
24,2015,MS,Mississippi,3.94,2.5,3.79,4.0,3.78,2.4,3.72,4.2,3.78,3.9,3.81,3.9,0.10023310023310024,0.08624708624708624,0.08624708624708624,0.08391608391608392,0.0641025641025641,0.2937062937062937,0.16083916083916083,0.3006993006993007,0.3578088578088578,0.15034965034965034,0.008158508158508158,0.0011655011655011655,0.02097902097902098,0.5675990675990676,0.4324009324009324,1149,0.0023871100164203616,0.010389983579638752,0.033864942528735634,0.4921469622331692,0.44758415435139576,0.0004885057471264368,0.013138341543513959,0.7502349535415163,18.03576323040954
25,2015,MO,Missouri,3.92,2.8,3.7,4.0,3.68,3.3,3.59,4.1,3.68,3.8,3.71,3.7,0.052122740647330815,0.06935687263556116,0.0735603194619588,0.08995376208490963,0.031946195880622114,0.31904161412358134,0.1807482135350988,0.19924337957124844,0.3219840269020597,0.21815889029003782,0.02564102564102564,0.0,0.05422446406052964,0.5119798234552333,0.4880201765447667,1195,0.00401631792510569,0.019356300108684527,0.05881923737876448,0.16135513703180165,0.7217229655411248,0.0023326879055250507,0.03239735410899381,0.5281999984791885,14.039730927607442
26,2015,MT,Montana,3.93,2.7,3.69,4.0,3.67,2.5,3.4,3.9,3.58,3.6,3.7,3.5,0.07488986784140969,0.11527165932452275,0.1211453744493392,0.1013215859030837,0.03671071953010279,0.25477239353891334,0.2143906020558003,0.09911894273127753,0.30983847283406757,0.2657856093979442,0.0315712187958884,0.0007342143906020558,0.07856093979441997,0.566079295154185,0.43392070484581496,1119,0.11365341077216332,0.008113185474714249,0.04472918200648229,0.008760038260654147,0.7915895375002581,0.002325917464337079,0.03082872852139087,0.476303864546203,14.006569600561347
27,2015,NE,Nebraska,3.92,2.6,3.77,4.0,3.71,3.5,3.57,4.1,3.71,3.9,3.77,3.8,0.07607192254495158,0.08022130013831259,0.1037344398340249,0.08852005532503458,0.042876901798063624,0.32503457814661135,0.1798063623789765,0.24204702627939143,0.36376210235131395,0.1715076071922545,0.02074688796680498,0.0,0.022130013831258646,0.5615491009681881,0.4384508990318119,1181,0.013828501268931124,0.02546406171878461,0.1807514856936718,0.06688311277348472,0.677001651825552,0.0013606992095286919,0.034710487510047024,0.448596007963289,13.573720722760015
28,2015,NV,Nevada,3.83,1.9,3.44,3.9,3.39,2.3,3.04,3.9,3.31,3.4,3.45,3.3,0.14285714285714285,0.11795943240184556,0.09837207277792287,0.07591190040915818,0.092539392356577,0.18420823539653522,0.19700531035083138,0.047009663097414466,0.17881082963349873,0.4346652737877601,0.09114651344998694,0.0023504831548707234,0.04901192652563768,0.5700356925219814,0.4299643074780186,990,0.009528861434740667,0.05479469634908786,0.416904264352647,0.1047233635704462,0.33980069600258384,0.013915773848355283,0.06033234444213917,0.6116060849202638,20.60497108639441
29,2015,NH,New Hampshire,3.76,2.2,3.42,4.0,3.27,3.1,3.19,4.0,3.3,3.7,3.44,3.6,0.0656546842987521,0.07813373067610356,0.09964611659526913,0.09322033898305085,0.03045259824920842,0.2784503631961259,0.20515924753212889,0.03669212143788415,0.1623207301173403,0.4525982492084187,0.07636431365244925,0.0008381449059415161,0.06602719314583722,0.5285900540137828,0.47140994598621716,1056,0.0027687844374458793,0.0318134434963901,0.049782964805550806,0.01899540558279603,0.8677105682626705,0.0009210896435327924,0.028007743771613892,0.2831826680712824,12.27560478547296
30,2015,NJ,New Jersey,3.77,2.2,3.39,3.9,3.39,3.0,3.25,3.8,3.31,3.5,3.44,3.5,0.07259382975970642,0.06692464214723422,0.06586608014490537,0.06758330294868327,0.06097317133414098,0.25531339316168944,0.2013737782430223,0.04555345150021759,0.17917926159419437,0.426612248738547,0.07592241916702933,0.002011267804424789,0.06934757295256466,0.520765457945684,0.479234542054316,1021,0.0012486026238179347,0.09712668059357547,0.26161656800758804,0.15701725627240273,0.4649117106513106,0.0021992930426547484,0.015879888808650554,0.3775498090478201,12.38675137098435
31,2015,NM,New Mexico,3.89,2.3,3.58,3.9,3.59,2.7,3.36,4.1,3.5,3.6,3.6,3.7,0.09773123909249563,0.1082024432809773,0.09162303664921466,0.10471204188481675,0.06413612565445026,0.2648342059336824,0.19633507853403143,0.11343804537521815,0.29799301919720766,0.30148342059336825,0.0462478184991274,0.0013089005235602095,0.04319371727748691,0.5527923211169284,0.44720767888307156,1096,0.1023902533938006,0.01132414350500651,0.6131321748761469,0.019349527786508613,0.23595408079266011,0.0013230958047086645,0.016526723841168635,0.7178627650348487,15.465778899985972
32,2015,NY,New York,3.71,2.5,3.41,3.8,3.35,3.1,3.15,3.8,3.23,3.6,3.39,3.7,0.09165510638713585,0.0736796858209101,0.0669128517744215,0.06404069218394846,0.09206541490006057,0.18200113323303568,0.17026500719668106,0.06157884110640016,0.1800537960050279,0.4085239965351726,0.11362289391245449,0.008414580931725967,0.05754088431253786,0.5293891613424252,0.47061083865757475,991,0.006471893968478052,0.09094543347749331,0.25926446329452557,0.17661053315587164,0.4467683125391148,0.0,0.019939363564516657,0.49650144669503504,13.878841892474382
33,2015,NC,North Carolina,3.85,2.0,3.54,3.8,3.44,2.5,3.34,4.0,3.45,3.5,3.53,3.5,0.12428044534831616,0.10589086898073145,0.09337837372031299,0.0837613319085864,0.0838647409603254,0.20207852193995382,0.19937265175278343,0.08365792285684741,0.27979042432180895,0.337372031298473,0.05515149426079763,0.0010340905173899556,0.043621384991899624,0.5557547137292751,0.4442452862707249,1003,0.013215707879381903,0.03001145223240846,0.16196654705158425,0.257699829802606,0.4977066402879049,0.0013161327578516417,0.03808368998826292,0.5735121390352876,15.724099443661132
34,2015,ND,North Dakota,3.95,3.1,3.88,4.1,3.79,2.7,3.76,4.3,3.8,3.9,3.86,3.5,0.03731343283582089,0.09701492537313433,0.05970149253731343,0.11940298507462686,0.029850746268656716,0.3880597014925373,0.07462686567164178,0.31343283582089554,0.40298507462686567,0.12686567164179105,0.029850746268656716,0.0,0.05223880597014925,0.5447761194029851,0.4552238805970149,1207,0.08790013276294438,0.014760657914146632,0.045913851600531054,0.042189113438560265,0.7877913409057384,0.0026183802920784777,0.018826523086000885,0.3119558864102221,11.842677963466995
35,2015,OH,Ohio,3.9,2.5,3.61,4.0,3.54,3.3,3.49,4.2,3.54,3.8,3.64,3.7,0.0653219729902046,0.07395815220541355,0.09007129194922622,0.09893931490175621,0.037326841708688344,0.31211963136845766,0.20552947313510694,0.12276125891149366,0.30017967889642383,0.2899205935199675,0.04364458355068684,0.001159218686605228,0.03680519329971599,0.524604416623196,0.47539558337680404,1121,0.0012547022181176202,0.021367252272107132,0.051454451744106046,0.16395086604771134,0.7132807197979416,0.0007445421619592012,0.04794746575805703,0.45729300606365775,17.686554882160994
36,2015,OK,Oklahoma,3.94,2.4,3.74,3.9,3.73,2.6,3.6,4.1,3.69,3.7,3.76,3.7,0.08023255813953488,0.10872093023255813,0.09534883720930233,0.11046511627906977,0.038953488372093024,0.30116279069767443,0.175,0.21569767441860466,0.3505813953488372,0.1941860465116279,0.026744186046511628,0.0029069767441860465,0.03488372093023256,0.516860465116279,0.4831395348837209,1146,0.14281879349611332,0.019338180747548627,0.16209780076723462,0.08869526814244354,0.5000331948770201,0.003224232837526953,0.08379252913211271,0.6184062276263486,16.38239965532169
37,2015,OR,Oregon,3.87,2.2,3.55,3.9,3.52,2.7,3.31,3.8,3.47,3.5,3.57,3.4,0.10318873886814134,0.10117782246480897,0.1120367710428038,0.09089342143062339,0.062051134731399026,0.23826486641769606,0.21177822464808962,0.07744900890548694,0.24234415397874173,0.3617351335823039,0.05900603274921,0.0011490950876185005,0.04653835104854927,0.5617925883366849,0.4382074116633151,1047,0.014255486196929209,0.039610112980625355,0.224993046533653,0.023330199872549123,0.6342423890349997,0.007032683052202049,0.056536082329041545,0.5413372207513943,20.309376723918795
38,2015,PA,Pennsylvania,3.79,2.1,3.51,3.9,3.41,2.8,3.33,3.9,3.38,3.7,3.53,3.7,0.0831491541528102,0.0919174601863136,0.09943610187346374,0.08657798525189515,0.057990622353500096,0.2206535434697292,0.19902712081465723,0.08172391712969657,0.22963873339805424,0.37521946584595045,0.06121289736227873,0.0013426145869910974,0.05183525086237168,0.5393076239852932,0.4606923760147068,1004,0.0015247855385326623,0.03679549803989669,0.1040990271645325,0.14704822874951157,0.6761769713382559,0.0008078605950594367,0.03354762857421112,0.4765493311904752,14.67672751627347
39,2015,PR,Puerto Rico,3.9,2.3,3.68,4.1,3.66,3.1,3.52,4.0,3.57,3.7,3.66,3.9,0.16891100702576112,0.1361241217798595,0.09865339578454332,0.06762295081967214,0.14256440281030444,0.15485948477751757,0.19730679156908665,0.16744730679156908,0.2980093676814988,0.2883489461358314,0.02078454332552693,0.0002927400468384075,0.02781030444964871,0.4970725995316159,0.502927400468384,912,0.0008346102607038108,0.000142173356712952,0.9974487780989842,0.00019219731555639806,0.0013137871296252416,6.845383841734726e-05,0.0,0.8721150656366997,12.478415138971023
40,2015,RI,Rhode Island,3.73,2.3,3.34,3.9,3.28,3.1,3.13,3.9,3.27,3.6,3.37,3.5,0.06824632852030112,0.0731827718129088,0.07713192644699494,0.07503393804763668,0.05886708626434654,0.22127607059113907,0.18943601135381957,0.026286560533135876,0.13316055781809205,0.47587313340737997,0.09971615451067506,0.002838454893249414,0.07268912748364803,0.5400468962112798,0.45995310378872023,989,0.007007199470187357,0.03247950892634607,0.24239640524970268,0.08175778162319212,0.5968866386093843,0.001466954360628654,0.038005511760558865,0.4699594807266409,13.431628080478625
41,2015,SC,South Carolina,3.83,2.2,3.51,4.0,3.42,2.7,3.32,4.0,3.43,3.5,3.48,3.6,0.11387454434993925,0.09997721749696234,0.09420565006075333,0.07434690157958687,0.0840674362089915,0.16448967193195627,0.21286452004860268,0.0747645808019441,0.26078371810449574,0.3656212029161604,0.051564398541919805,0.000721445929526124,0.033680133657351154,0.5487165856622114,0.45128341433778857,976,0.0032286246059178795,0.014822857876337784,0.08495801478225448,0.34376141970417157,0.5166519752240718,0.0013255043006851497,0.035251603506561376,0.6211801556769181,15.362002597824123
42,2015,SD,South Dakota,3.93,2.6,3.79,4.0,3.76,2.9,3.68,4.3,3.8,3.9,3.8,3.6,0.09243697478991597,0.06722689075630252,0.1134453781512605,0.1134453781512605,0.046218487394957986,0.25210084033613445,0.14705882352941177,0.31092436974789917,0.3403361344537815,0.15546218487394958,0.02100840336134454,0.0,0.025210084033613446,0.542016806722689,0.4579831932773109,1192,0.11227128677349917,0.017400143506338197,0.051699653193016025,0.02926183927290122,0.7541332815116001,0.0009342860559674719,0.03429950968667783,0.43318647786042247,13.935273139352732
43,2015,TN,Tennessee,3.92,2.5,3.7,4.0,3.64,3.1,3.6,4.1,3.64,3.8,3.7,3.6,0.059372915276851235,0.06982432732933067,0.06826773404491883,0.0713809206137425,0.031798977095841674,0.3346675561485435,0.20169001556593286,0.19323993773626863,0.31532132532799645,0.23949299533022014,0.023571269735379142,0.0,0.0266844563042028,0.505003335557038,0.494996664442962,1155,0.0016472015652432433,0.018723860719063744,0.09001153041095669,0.22394910548919877,0.6427681824938631,0.0009782770271627556,0.021921842294511606,0.5921137616886836,16.040142079165843
44,2015,TX,Texas,3.84,2.2,3.44,3.8,3.46,2.6,3.27,3.9,3.36,3.7,3.45,3.7,0.10985818091738574,0.08934395772263738,0.07013025886627307,0.06101110606498493,0.09514986994756616,0.17681970191156435,0.1950167210272078,0.06287931959869535,0.17361483836340366,0.4516328805581933,0.0637256925808183,0.0009805540646546384,0.05214999380702696,0.5354496098426985,0.46455039015730154,957,0.003947423272160565,0.04025949210336149,0.5221989978935884,0.12615758795782198,0.2854948841190674,0.0013971694068377362,0.020544445247162417,0.6125651615020798,15.314520284174533
45,2015,UT,Utah,3.91,2.9,3.77,4.0,3.72,3.0,3.6,4.0,3.69,3.7,3.74,3.7,0.0550098231827112,0.05762933857236411,0.08775376555337262,0.08382449246889326,0.032089063523248196,0.3366077275703995,0.17485265225933203,0.1925343811394892,0.3287491814014407,0.2043222003929273,0.021611001964636542,0.0,0.0779305828421742,0.5127701375245579,0.48722986247544203,1154,0.011363390803710622,0.01695864911170451,0.1660518313859262,0.013737323845833269,0.752939632951055,0.015546328738790189,0.023402843162980226,0.36656940086559253,11.18346993791
46,2015,VT,Vermont,3.81,2.5,3.5,3.9,3.42,2.9,3.27,3.9,3.38,3.6,3.5,3.6,0.07822085889570553,0.09312007011393514,0.1018843120070114,0.10276073619631902,0.03943908851884312,0.2085889570552147,0.20398773006134968,0.04163014899211218,0.2081507449605609,0.4226555652936021,0.06419807186678353,0.0017528483786152498,0.057624890446976336,0.5357142857142857,0.4642857142857143,1046,0.0023586303350677366,0.020030579227459672,0.017814177857320642,0.0201965130198765,0.9082149079660072,0.0006400303421791848,0.03074516125208899,0.40406214833033294,11.56028417382011
47,2015,VI,Virgin Islands,3.56,1.5,3.16,3.5,3.22,2.1,2.89,3.2,3.07,2.9,3.19,3.0,0.16743119266055045,0.1158256880733945,0.07110091743119266,0.045871559633027525,0.19724770642201836,0.052752293577981654,0.08486238532110092,0.017201834862385322,0.10321100917431193,0.6077981651376146,0.1536697247706422,0.0,0.033256880733944956,0.606651376146789,0.393348623853211,805,0.0008692502716407099,0.004128938790293373,0.1946396233248823,0.7795726186164433,0.015356754798985876,0.0009416877942774357,0.004491126403477001,0.9941325606664252,13.739247885121205
48,2015,VA,Virginia,3.83,2.1,3.47,3.9,3.32,3.3,3.17,4.1,3.38,3.8,3.46,3.9,0.08228644269636537,0.0850371513392932,0.08122976803475286,0.08045822780563895,0.05222991898827594,0.282752721356569,0.18503547407792556,0.06927089448348736,0.20947317220442463,0.40106673822981836,0.08431592895120847,0.0017108065949916974,0.049126985458143944,0.5327820734305027,0.46721792656949734,1035,0.0028834137874080286,0.06646966065935983,0.14393384587097638,0.22899650032565982,0.5049721553070083,0.0015441572890145128,0.051200266760573036,0.41712985825869997,15.314362210793387
49,2015,WA,Washington,3.83,2.2,3.5,3.9,3.46,2.6,3.22,3.9,3.37,3.4,3.48,3.4,0.08304256803907886,0.07775251558877158,0.08146680773473201,0.07869797177137969,0.060058978457105554,0.23100646061724783,0.17790333836075906,0.06296287958940189,0.18976656236634176,0.3683677374333116,0.09688674785584045,0.005357585034779281,0.09875514935956599,0.5324719177002903,0.4675280822997096,1013,0.01286717017929588,0.07325832773704498,0.2239947379557142,0.04409813896580591,0.5615355601961307,0.01031894243949109,0.0739271225265172,0.46114710209896476,19.049837169570242
50,2015,WV,West Virginia,3.92,2.4,3.71,3.9,3.57,2.5,3.47,4.2,3.58,3.9,3.7,3.9,0.10755697720911635,0.11755297880847661,0.11235505797680928,0.11875249900039984,0.06357457017193123,0.27828868452618954,0.16193522590963613,0.22031187524990004,0.32626949220311874,0.23350659736105558,0.03198720511795282,0.00039984006397441024,0.025589764094362255,0.5801679328268693,0.41983206717313076,1009,0.0010344131597537591,0.0065993397056067354,0.01574326369966697,0.044548246183123565,0.9054935628505111,0.0004721537419085103,0.02610902065942938,0.5210287350216799,14.279538281959274
51,2015,WI,Wisconsin,3.93,2.6,3.77,4.1,3.72,3.5,3.64,4.1,3.7,3.9,3.76,3.8,0.05577514273166447,0.0764163372859025,0.07553798858146685,0.09354413702239789,0.026350461133069828,0.32059727711901626,0.16469038208168643,0.1888449714536671,0.3847167325428195,0.18357487922705315,0.020641194554238032,0.001756697408871322,0.05577514273166447,0.5353535353535354,0.46464646464646464,1197,0.011993743797680778,0.03770549054366029,0.1127614770999713,0.0947466572308813,0.7120487218468015,0.0008379254027401429,0.02990598407826477,0.40768826940558794,15.078756797978976
52,2015,WY,Wyoming,3.91,2.5,3.84,4.1,3.75,3.2,3.64,4.2,3.71,4.0,3.79,3.7,0.06629834254143646,0.11602209944751381,0.07734806629834254,0.14917127071823205,0.016574585635359115,0.34806629834254144,0.20441988950276244,0.16574585635359115,0.3867403314917127,0.22099447513812154,0.011049723756906077,0.0,0.011049723756906077,0.5414364640883977,0.4585635359116022,1175,0.035548000886852414,0.008372309089181457,0.14106232249754533,0.011391830400033784,0.7808629918599618,0.0015836650231742981,0.021178880243250948,0.3870692600710037,12.375661299616254
